[
    {"name": "Aiken", "code": "AIK"},
    {"name": "Ajax Downs", "code": "AJX"},
    {"name": "Albuquerque", "code": "ALB"},
    {"name": "Aqueduct", "code": "AQU"},
    {"name": "Arapahoe", "code": "ARP"},
    {"name": "Assiniboia", "code": "ASD"},
    {"name": "Atokad", "code": "ATO"},
    {"name": "Belmont At The Big A", "code": "BAQ"},
    {"name": "Belterra Park", "code": "BTP"},
    {"name": "Blackfoot", "code": "BKF"},
    {"name": "Blue Ridge", "code": "BLU"},
    {"name": "Camarero", "code": "CMR"},
    {"name": "Camden", "code": "CAM"},
    {"name": "Canterbury Park", "code": "CBY"},
    {"name": "Cassia Fair", "code": "CAS"},
    {"name": "Century Downs", "code": "CTD"},
    {"name": "Century Mile", "code": "CTM"},
    {"name": "Charles Town", "code": "CT"},
    {"name": "Charleston", "code": "CHA"},
    {"name": "Cheshire", "code": "CHE"},
    {"name": "Chippewa Downs", "code": "CPW"},
    {"name": "Churchill Downs", "code": "CD"},
    {"name": "Colonial Downs", "code": "CNL"},
    {"name": "Crooked River", "code": "PRV"},
    {"name": "Del Mar", "code": "DMR"},
    {"name": "Delaware Park", "code": "DEL"},
    {"name": "Delta Downs", "code": "DED"},
    {"name": "Elko Fair", "code": "ELK"},
    {"name": "Ellis Park", "code": "ELP"},
    {"name": "Emerald Downs", "code": "EMD"},
    {"name": "Energy Downs 307 Horse Racing", "code": "EDR"},
    {"name": "Evangeline", "code": "EVD"},
    {"name": "Fair Grounds", "code": "FG"},
    {"name": "Fair Hill", "code": "FAI"},
    {"name": "Fair Meadows", "code": "FMT"},
    {"name": "Fairmount Park", "code": "FP"},
    {"name": "Far Hills", "code": "FH"},
    {"name": "Finger Lakes", "code": "FL"},
    {"name": "Fonner Park", "code": "FON"},
    {"name": "Fort Erie", "code": "FE"},
    {"name": "Fort Pierre", "code": "FTP"},
    {"name": "Foxfield", "code": "FX"},
    {"name": "Genesee Valley", "code": "GV"},
    {"name": "Gillespie Fairground", "code": "GIL"},
    {"name": "Glenwood Park At Middleburg", "code": "MID"},
    {"name": "Glyndon", "code": "GLN"},
    {"name": "Grand National", "code": "GN"},
    {"name": "Grande Prairie", "code": "GPR"},
    {"name": "Grants Pass", "code": "GRP"},
    {"name": "Great Falls", "code": "GF"},
    {"name": "Great Meadow", "code": "GRM"},
    {"name": "Gulfstream Park", "code": "GP"},
    {"name": "Harrah's Columbus Nebraska", "code": "HCN"},
    {"name": "Hastings", "code": "HST"},
    {"name": "Hawthorne", "code": "HAW"},
    {"name": "Horsemen's Park", "code": "HPO"},
    {"name": "Horseshoe Indianapolis", "code": "IND"},
    {"name": "Jerome Fair", "code": "JRM"},
    {"name": "Keeneland", "code": "KEE"},
    {"name": "Kentucky Downs", "code": "KD"},
    {"name": "Laurel Park", "code": "LRL"},
    {"name": "Legacy Downs", "code": "LEG"},
    {"name": "Lethbridge - Rmtc", "code": "LBG"},
    {"name": "Lone Star", "code": "LS"},
    {"name": "Los Alamitos Quarter Horse", "code": "LA"},
    {"name": "Los Alamitos Thoroughbred", "code": "LRC"},
    {"name": "Louisiana Downs", "code": "LAD"},
    {"name": "Mahoning Valley Race Course", "code": "MVR"},
    {"name": "Malvern", "code": "MAL"},
    {"name": "Miles City", "code": "MC"},
    {"name": "Millarville", "code": "MIL"},
    {"name": "Monkton", "code": "MON"},
    {"name": "Monmouth Park", "code": "MTH"},
    {"name": "Montpelier", "code": "MTP"},
    {"name": "Morven Park", "code": "MOR"},
    {"name": "Mountaineer", "code": "MNR"},
    {"name": "North Dakota", "code": "FAR"},
    {"name": "Oaklawn Park", "code": "OP"},
    {"name": "Old Dominion Hounds", "code": "ODH"},
    {"name": "Oneida Fair", "code": "ONE"},
    {"name": "Oregon Livestock", "code": "UN"},
    {"name": "Parx Racing", "code": "PRX"},
    {"name": "Penn National", "code": "PEN"},
    {"name": "Pennsylvania Hunt Cup", "code": "UNI"},
    {"name": "Percy Warner", "code": "PW"},
    {"name": "Pimlico", "code": "PIM"},
    {"name": "Pine Mtn", "code": "PMT"},
    {"name": "Pocatello Downs", "code": "POD"},
    {"name": "Prairie Meadows", "code": "PRM"},
    {"name": "Presque Isle Downs", "code": "PID"},
    {"name": "Remington Park", "code": "RP"},
    {"name": "Retama Park", "code": "RET"},
    {"name": "Ruidoso Downs", "code": "RUI"},
    {"name": "Sam Houston", "code": "HOU"},
    {"name": "San Luis Rey Training Center", "code": "SLR"},
    {"name": "Sandy Ridge At The Red Mile", "code": "SRM"},
    {"name": "Santa Anita", "code": "SA"},
    {"name": "Saratoga", "code": "SAR"},
    {"name": "Shawan Downs", "code": "SHW"},
    {"name": "Sunland Park", "code": "SUN"},
    {"name": "Sunray Park", "code": "SRP"},
    {"name": "Sweetwater Downs", "code": "SWF"},
    {"name": "Tampa Bay", "code": "TAM"},
    {"name": "The Thoroughbred Center", "code": "TTC"},
    {"name": "Thistledown", "code": "TDN"},
    {"name": "Thunder Plains Park", "code": "TPP"},
    {"name": "Tillamook Fair", "code": "TIL"},
    {"name": "Timonium", "code": "TIM"},
    {"name": "Turf Paradise", "code": "TUP"},
    {"name": "Turfway Park", "code": "TP"},
    {"name": "Weber Downs", "code": "WBR"},
    {"name": "White Pine Racing", "code": "ELY"},
    {"name": "Will Rogers", "code": "WRD"},
    {"name": "Willowdale Stp", "code": "WIL"},
    {"name": "Winterthur", "code": "WNT"},
    {"name": "Woodbine", "code": "WO"},
    {"name": "Wyoming Downs", "code": "WYO"},
    {"name": "Zia Park", "code": "ZIA"}
]